category,program,num_qubits,num_gates,num_2q_gates,depth,depth_2q,num_gates(opt),num_2q_gates(opt),depth(opt),depth_2q(opt)
binaryoptimization,flat100-4-flat100-7.cnf-90-cc,90,505,282,46,30,936,282,37,18
binaryoptimization,graph-complete_bipart-complbipart-n-10_a-5_b-5,10,425,150,277,118,235,75,43,21
binaryoptimization,graph-gnp_k-2-gnp-k_2_n-4_rinst-05,4,68,24,52,24,40,12,19,9
binaryoptimization,graph-gnp_k-4-gnp-k_4_n-40_rinst-07,40,4556,1608,2737,1202,2452,804,115,57
binaryoptimization,graph-gnp_k-4-gnp-k_4_n-6_rinst-15,6,255,90,177,78,141,45,37,18
binaryoptimization,graph-gnp_k-5-gnp-k_5_n-24_rinst-04,24,564,376,120,80,1152,376,93,46
binaryoptimization,graph-gnp_k-5-gnp-k_5_n-60_rinst-19,60,11169,3942,6739,2934,5973,1971,199,99
binaryoptimization,graph-gnp_k-5-gnp-k_5_n-90_rinst-02,90,16762,5916,9763,4268,8964,2958,199,99
binaryoptimization,graph-regular_reg-4-reg-4_n-90_rinst-07,90,3060,1080,408,188,1710,540,37,18
binaryoptimization,uf100-2-uf100-0396.cnf-46-res,46,819,548,284,198,1681,551,136,68
binaryoptimization,uf100-2-uf100-0601.cnf-46-res,46,866,582,268,186,1776,583,144,72
binaryoptimization,uf100-4-uf100-0246.cnf-70-res,70,2246,1558,900,635,4645,1531,253,126
binaryoptimization,uf20-7-uf20-0384.cnf-8-res,8,79,50,46,30,152,48,37,18
binaryoptimization,uuf100-0-uuf100-0810.cnf-40-res,40,537,350,191,132,1074,348,87,43
binaryoptimization,uuf100-8-uuf100-0509.cnf-40-cc,40,608,402,193,134,1228,398,97,48
chemistry,BH-JW-10,10,3965,2362,2754,2132,1893,628,631,315
chemistry,Be2-JW-6,6,611,310,416,288,399,131,175,87
chemistry,C2-JW-18,18,43501,29138,30969,26809,13791,4593,3819,1909
chemistry,H2-JW-8,8,2472,1328,1646,1238,1286,426,503,251
chemistry,HF-BK12,12,10946,5760,6913,5439,3992,1327,1335,667
chemistry,HF-parity10,10,4841,2502,2797,2264,1924,638,729,364
chemistry,Li2-JW14,14,12467,7622,8335,6951,4824,1604,1471,735
chemistry,LiH-parity-4,4,176,86,137,84,139,45,71,35
chemistry,N2-JW-22,22,123239,87142,90272,80618,34208,11401,9082,4541
chemistry,N2-parity-14,14,12529,6676,7401,6023,5275,1754,1812,906
chemistry,NH-BK-14,14,21891,11594,13760,11086,6987,2325,2287,1143
chemistry,NH-JW-14,14,20643,13174,14464,12103,7208,2400,2233,1116
chemistry,Na2-JW24,24,189188,137080,139430,125891,36800,12262,9969,4984
chemistry,O3-BK22,22,140441,78106,84712,71642,35855,11950,10372,5186
chemistry,OH-JW10,10,3965,2362,2754,2132,1911,634,643,321
chemistry,OH-JW12,12,10698,6708,7379,6040,4234,1408,1393,696
chemistry,OH-parity12,12,13614,6984,7733,6418,4393,1462,1548,774
chemistry,all-vib-bh-enc_stdbinary_dvalues_d-level-4,2,31,10,26,10,11,3,7,3
chemistry,all-vib-bhf2-mu_y_prime_enc_stdbinary_dvalues_8-8-8-8-8-8,6,188,72,66,36,72,22,25,12
chemistry,all-vib-c2h-mu_y_prime_enc_stdbinary_dvalues_8-8-4-4,3,94,36,66,36,33,10,21,10
chemistry,all-vib-c2h-mu_z_prime_enc_gray_dvalues_4-4-4-4,4,24,8,11,4,16,4,5,2
chemistry,all-vib-ch2-mu_y_prime_enc_gray_dvalues_16-16-16,4,184,96,154,92,125,41,58,29
chemistry,all-vib-cyclo_propene-mu_x_prime_enc_stdbinary_dvalues_8-8-8-8-8-8-8-8-8-4-4-4-4-4-4,11,302,114,66,36,125,38,25,12
chemistry,all-vib-cyclo_propene-mu_x_prime_enc_unary_dvalues_16-16-16-16-16-16-16-16-16-16-16-16-16-16-16,64,840,240,150,60,424,120,9,4
chemistry,all-vib-f2-enc_gray_dvalues_d-level-16,4,766,356,565,350,313,103,141,70
chemistry,all-vib-fccf-enc_gray_dvalues_4-4-4-4-4-4-4,14,11917,5954,8158,5689,5482,1823,1933,966
chemistry,all-vib-fccf-mu_y_prime_enc_stdbinary_dvalues_16-16-16-16-8-8-8,4,334,144,219,141,145,47,67,33
chemistry,all-vib-fccf-mu_y_prime_enc_unary_dvalues_8-8-8-8-8-8-8,8,98,28,70,28,50,14,9,4
chemistry,all-vib-fccf-mu_z_prime_enc_unary_dvalues_16-16-16-16-16-16-16,16,210,60,150,60,106,30,9,4
chemistry,all-vib-h2co-mu_y_prime_enc_unary_dvalues_16-16-16-16-16-16,32,420,120,150,60,212,60,9,4
chemistry,all-vib-hc3h2cn-mu_y_prime_enc_stdbinary_dvalues_4-4-4-4-4-4-4-4-4-4-4-4-4-4-4-4-4-4,24,240,72,16,6,96,24,5,2
chemistry,all-vib-hco-enc_unary_dvalues_4-4-4,12,30396,13296,17552,12633,13622,4540,5294,2647
chemistry,all-vib-hno-mu_x_prime_enc_unary_dvalues_4-4-4,12,126,36,30,12,66,18,9,4
chemistry,all-vib-o3-enc_gray_dvalues_8-8-8,9,45115,25094,31584,24821,15600,5198,6230,3115
chemistry,all-vib-o3-mu_y_prime_enc_unary_dvalues_4-4-4,4,42,12,30,12,22,6,9,4
condensedmatter,BH_D-1_d-4-bh_graph-1D-grid-nonpbc-qubitnodes_Lx-12_U-40_enc-unary_d-4,48,11904,4752,6675,4358,5747,1902,719,359
condensedmatter,BH_D-1_d-4-bh_graph-1D-grid-pbc-qubitnodes_Lx-14_U-10_enc-stdbinary_d-4,28,5446,2268,3521,2204,1792,588,253,126
condensedmatter,BH_D-1_d-4-bh_graph-1D-grid-pbc-qubitnodes_Lx-24_U-20_enc-stdbinary_d-4,48,9336,3888,6071,3804,3135,1029,363,181
condensedmatter,BH_D-1_d-4-bh_graph-1D-grid-pbc-qubitnodes_Lx-46_U-2_enc-gray_d-4,92,13478,5980,9824,5788,4997,1635,121,60
condensedmatter,BH_D-1_d-4-bh_graph-1D-grid-pbc-qubitnodes_Lx-60_U-10_enc-stdbinary_d-4,120,23340,9720,15251,9564,7959,2613,759,379
condensedmatter,BH_D-1_d-8-bh_graph-1D-grid-pbc-qubitnodes_Lx-10_U-30_enc-unary_d-8,80,58860,23520,33833,22354,25614,8514,3649,1825
condensedmatter,BH_D-1_d-8-bh_graph-1D-grid-pbc-qubitnodes_Lx-4_U-40_enc-gray_d-8,12,12728,6944,9577,6739,4354,1450,1100,550
condensedmatter,BH_D-2_d-4-bh_graph-2D-grid-nonpbc-qubitnodes_Lx-7_Ly-7_U-70_enc-gray_d-4,98,24437,10850,17081,10226,8738,2880,237,118
condensedmatter,BH_D-2_d-4-bh_graph-2D-triag-nonpbc-qubitnodes_Lx-11_Ly-11_U-100_enc-gray_d-4,156,57414,25500,39550,23850,20112,6652,385,192
condensedmatter,BH_D-2_d-4-bh_graph-2D-triag-nonpbc-qubitnodes_Lx-3_Ly-5_U-30_enc-gray_d-4,28,8134,3612,5676,3410,2884,952,383,191
condensedmatter,BH_D-2_d-4-bh_graph-2D-triag-pbc-qubitnodes_Lx-10_Ly-10_U-30_enc-stdbinary_d-4,100,57850,24100,33869,21042,12811,4237,809,404
condensedmatter,BH_D-2_d-4-bh_graph-2D-triag-pbc-qubitnodes_Lx-3_Ly-22_U-70_enc-unary_d-4,132,106986,42768,58446,38201,46601,15494,4697,2348
condensedmatter,BH_D-2_d-4-bh_graph-2D-triag-pbc-qubitnodes_Lx-5_Ly-5_U-30_enc-unary_d-4,60,48630,19440,26807,17524,20915,6955,2823,1411
condensedmatter,BH_D-3_d-4-bh_graph-3D-grid-nonpbc-qubitnodes_Lx-2_Ly-2_Lz-2_U-20_enc-unary_d-4,32,12976,5184,7115,4648,5993,1987,1209,604
condensedmatter,FH_D-1-fh-graph-1D-grid-nonpbc-qubitnodes_Lx-90_U-2_enc-jw,180,2942,892,915,366,1788,536,13,6
condensedmatter,FH_D-1-fh-graph-1D-grid-pbc-qubitnodes_Lx-160_U-12_enc-parity,320,7164,4136,4620,3183,9679,3120,379,189
condensedmatter,FH_D-1-fh-graph-1D-grid-pbc-qubitnodes_Lx-50_U-2_enc-jw,100,2034,884,1275,686,1576,492,207,103
condensedmatter,FH_D-2-fh-graph-2D-grid-pbc-qubitnodes_Lx-2_Ly-105_U-8_enc-bk,420,16270,8872,3010,2321,13903,4502,150,75
condensedmatter,FH_D-2-fh-graph-2D-grid-pbc-qubitnodes_Lx-5_Ly-72_U-0_enc-parity,720,67452,33000,31654,26949,32553,10630,391,195
condensedmatter,FH_D-2-fh-graph-2D-triag-nonpbc-qubitnodes_Lx-16_Ly-16_U-4_enc-bk,306,32119,18060,10376,8701,19384,6367,455,227
condensedmatter,heis-graph-2D-grid-nonpbc-qubitnodes_Lx-4_Ly-133_h-0.1,532,16291,5562,3537,1632,8875,2781,25,12
condensedmatter,heis-graph-2D-grid-nonpbc-qubitnodes_Lx-5_Ly-186_h-0.5,930,29303,10014,4954,2286,15951,5007,25,12
condensedmatter,heis-graph-2D-grid-nonpbc-qubitnodes_Lx-5_Ly-58_h-2,290,9079,3102,1626,750,4943,1551,25,12
condensedmatter,heis-graph-2D-grid-pbc-qubitnodes_Lx-2_Ly-185_h-0.5,370,9805,3330,4785,2208,5365,1665,25,12
condensedmatter,heis-graph-2D-grid-pbc-qubitnodes_Lx-4_Ly-190_h-0,760,25840,9120,7423,3426,14440,4560,31,15
condensedmatter,heis-graph-2D-grid-pbc-qubitnodes_Lx-5_Ly-186_h-3,930,32550,11160,7294,3366,17670,5580,31,15
condensedmatter,heis-graph-2D-triag-nonpbc-qubitnodes_Lx-40_Ly-40_h-0.1,861,42681,14760,3329,1536,23001,7380,37,18
condensedmatter,tfim-graph-1D-grid-pbc-qubitnodes_Lx-16_h-2,16,64,32,43,28,112,32,9,4
condensedmatter,tfim-graph-1D-grid-pbc-qubitnodes_Lx-26_h-6,26,104,52,73,48,182,52,9,4
condensedmatter,tfim-graph-2D-grid-nonpbc-qubitnodes_Lx-19_Ly-19_h-5,361,2413,1368,268,178,4465,1368,17,8
condensedmatter,tfim-graph-2D-grid-nonpbc-qubitnodes_Lx-5_Ly-15_h-3,75,465,260,118,78,855,260,17,8
condensedmatter,tfim-graph-2D-grid-pbc-qubitnodes_Lx-4_Ly-148_h-6,592,4144,2368,1336,890,7696,2368,21,10
condensedmatter,tfim-graph-2D-triag-nonpbc-qubitnodes_Lx-3_Ly-160_h-0.1,324,2733,1606,517,344,5142,1606,29,14
condensedmatter,tfim-graph-2D-triag-pbc-qubitnodes_Lx-13_Ly-13_h-0.1,91,910,546,223,148,1729,546,33,16
condensedmatter,tfim-graph-2D-triag-pbc-qubitnodes_Lx-19_Ly-19_h-0.5,190,1900,1140,409,272,3610,1140,37,18
discreteoptimization,TSP_Ncity-10-tsp_prob-pr76_Ncity-10_enc-unary,100,2800,1800,301,194,5500,1800,109,54
discreteoptimization,TSP_Ncity-10-tsp_prob-st70_Ncity-10_enc-unary,100,2800,1800,301,194,5500,1800,109,54
discreteoptimization,TSP_Ncity-16-tsp_prob-fl417_Ncity-16_enc-stdbinary,64,27904,24064,25749,22272,26006,8669,1670,836
discreteoptimization,TSP_Ncity-16-tsp_prob-kroD100_Ncity-16_enc-stdbinary,64,27904,24064,25749,22272,26006,8669,1670,836
discreteoptimization,TSP_Ncity-4-tsp_rand-002_Ncity-4_enc-stdbinary,8,176,128,136,103,272,88,69,34
discreteoptimization,TSP_Ncity-5-tsp_prob-ts225_Ncity-5_enc-unary,25,325,200,71,44,625,200,45,22
discreteoptimization,TSP_Ncity-7-tsp_prob-lin105_Ncity-7_enc-unary,49,931,588,145,92,1813,588,73,36
discreteoptimization,TSP_Ncity-8-tsp_prob-d198_Ncity-8_enc-unary,64,1408,896,191,122,2752,896,57,28
discreteoptimization,TSP_Ncity-8-tsp_prob-ulysses22_Ncity-8_enc-stdbinary,24,2432,1984,2096,1733,2876,953,370,185
discreteoptimization,binary-color02-dsjc1000.1_k-3-dsjc1000.1,72,2637,1962,1094,861,3948,1292,273,136
discreteoptimization,binary-graph-regular_k-5-reg-5_n-10_rinst-07,30,7345,6050,5298,4461,8102,2695,1180,590
discreteoptimization,gray-color02-1-fullins_5_k-5-1-fullins_5,144,30090,24756,14974,12644,34645,11538,3129,1567
discreteoptimization,gray-color02-will199gpia_k-3-will199gpia,120,6072,4560,2459,1950,8836,2920,588,294
discreteoptimization,unary-color02-ash608gpia_k-3-ash608gpia,480,3882,2268,170,108,7284,2268,57,28
discreteoptimization,unary-color02-queen13_13_k-4-queen13_13,112,1012,600,92,58,1912,600,37,18
