category,program,num_qubits,num_paulis,max_pauli_weight,num_gates,num_2q_gates,depth,depth_2q
binaryoptimization,flat100-4-flat100-7.cnf-90-cc,90,223,3,505,282,46,30
binaryoptimization,graph-complete_bipart-complbipart-n-10_a-5_b-5,10,75,2,425,150,277,118
binaryoptimization,graph-gnp_k-2-gnp-k_2_n-4_rinst-05,4,12,2,68,24,52,24
binaryoptimization,graph-gnp_k-4-gnp-k_4_n-6_rinst-15,6,45,2,255,90,177,78
binaryoptimization,graph-gnp_k-4-gnp-k_4_n-40_rinst-07,40,804,2,4556,1608,2737,1202
binaryoptimization,graph-gnp_k-5-gnp-k_5_n-24_rinst-04,24,188,2,564,376,120,80
binaryoptimization,graph-gnp_k-5-gnp-k_5_n-60_rinst-19,60,1971,2,11169,3942,6739,2934
binaryoptimization,graph-gnp_k-5-gnp-k_5_n-90_rinst-02,90,2958,2,16762,5916,9763,4268
binaryoptimization,graph-regular_reg-4-reg-4_n-90_rinst-07,90,540,2,3060,1080,408,188
binaryoptimization,uf20-7-uf20-0384.cnf-8-res,8,29,3,79,50,46,30
binaryoptimization,uf100-2-uf100-0396.cnf-46-res,46,271,3,819,548,284,198
binaryoptimization,uf100-2-uf100-0601.cnf-46-res,46,284,3,866,582,268,186
binaryoptimization,uf100-4-uf100-0246.cnf-70-res,70,688,3,2246,1558,900,635
binaryoptimization,uuf100-0-uuf100-0810.cnf-40-res,40,187,3,537,350,191,132
binaryoptimization,uuf100-8-uuf100-0509.cnf-40-cc,40,206,3,608,402,193,134
chemistry,BH-JW-10,10,275,10,3965,2362,2754,2132
chemistry,Be2-JW-6,6,61,6,611,310,416,288
chemistry,C2-JW-18,18,1883,18,43501,29138,30969,26809
chemistry,H2-JW-8,8,184,8,2472,1328,1646,1238
chemistry,HF-BK12,12,630,9,10946,5760,6913,5439
chemistry,HF-parity10,10,275,10,4841,2502,2797,2264
chemistry,Li2-JW14,14,669,14,12467,7622,8335,6951
chemistry,LiH-parity-4,4,26,4,176,86,137,84
chemistry,N2-JW-22,22,4577,22,123239,87142,90272,80618
chemistry,N2-parity-14,14,669,12,12529,6676,7401,6023
chemistry,NH-BK-14,14,1085,10,21891,11594,13760,11086
chemistry,NH-JW-14,14,1085,14,20643,13174,14464,12103
chemistry,Na2-JW24,24,6508,24,189188,137080,139430,125891
chemistry,O3-BK22,22,5465,13,140441,78106,84712,71642
chemistry,OH-JW10,10,275,10,3965,2362,2754,2132
chemistry,OH-JW12,12,630,12,10698,6708,7379,6040
chemistry,OH-parity12,12,630,12,13614,6984,7733,6418
chemistry,all-vib-bh-enc_stdbinary_dvalues_d-level-4,2,9,2,31,10,26,10
chemistry,all-vib-bhf2-mu_y_prime_enc_stdbinary_dvalues_8-8-8-8-8-8,6,24,3,188,72,66,36
chemistry,all-vib-c2h-mu_y_prime_enc_stdbinary_dvalues_8-8-4-4,3,12,3,94,36,66,36
chemistry,all-vib-c2h-mu_z_prime_enc_gray_dvalues_4-4-4-4,4,8,2,24,8,11,4
chemistry,all-vib-ch2-mu_y_prime_enc_gray_dvalues_16-16-16,4,32,4,184,96,154,92
chemistry,all-vib-cyclo_propene-mu_x_prime_enc_stdbinary_dvalues_8-8-8-8-8-8-8-8-8-4-4-4-4-4-4,11,40,3,302,114,66,36
chemistry,all-vib-cyclo_propene-mu_x_prime_enc_unary_dvalues_16-16-16-16-16-16-16-16-16-16-16-16-16-16-16,64,120,2,840,240,150,60
chemistry,all-vib-f2-enc_gray_dvalues_d-level-16,4,98,4,766,356,565,350
chemistry,all-vib-fccf-enc_gray_dvalues_4-4-4-4-4-4-4,14,1035,6,11917,5954,8158,5689
chemistry,all-vib-fccf-mu_y_prime_enc_stdbinary_dvalues_16-16-16-16-8-8-8,4,32,4,334,144,219,141
chemistry,all-vib-fccf-mu_y_prime_enc_unary_dvalues_8-8-8-8-8-8-8,8,14,2,98,28,70,28
chemistry,all-vib-fccf-mu_z_prime_enc_unary_dvalues_16-16-16-16-16-16-16,16,30,2,210,60,150,60
chemistry,all-vib-h2co-mu_y_prime_enc_unary_dvalues_16-16-16-16-16-16,32,60,2,420,120,150,60
chemistry,all-vib-hc3h2cn-mu_y_prime_enc_stdbinary_dvalues_4-4-4-4-4-4-4-4-4-4-4-4-4-4-4-4-4-4,24,48,2,240,72,16,6
chemistry,all-vib-hco-enc_unary_dvalues_4-4-4,12,1788,6,30396,13296,17552,12633
chemistry,all-vib-hno-mu_x_prime_enc_unary_dvalues_4-4-4,12,18,2,126,36,30,12
chemistry,all-vib-o3-enc_gray_dvalues_8-8-8,9,2801,9,45115,25094,31584,24821
chemistry,all-vib-o3-mu_y_prime_enc_unary_dvalues_4-4-4,4,6,2,42,12,30,12
condensedmatter,BH_D-1_d-4-bh_graph-1D-grid-nonpbc-qubitnodes_Lx-12_U-40_enc-unary_d-4,48,816,4,11904,4752,6675,4358
condensedmatter,BH_D-1_d-4-bh_graph-1D-grid-pbc-qubitnodes_Lx-14_U-10_enc-stdbinary_d-4,28,490,4,5446,2268,3521,2204
condensedmatter,BH_D-1_d-4-bh_graph-1D-grid-pbc-qubitnodes_Lx-24_U-20_enc-stdbinary_d-4,48,840,4,9336,3888,6071,3804
condensedmatter,BH_D-1_d-4-bh_graph-1D-grid-pbc-qubitnodes_Lx-46_U-2_enc-gray_d-4,92,1610,4,13478,5980,9824,5788
condensedmatter,BH_D-1_d-4-bh_graph-1D-grid-pbc-qubitnodes_Lx-60_U-10_enc-stdbinary_d-4,120,2100,4,23340,9720,15251,9564
condensedmatter,BH_D-1_d-8-bh_graph-1D-grid-pbc-qubitnodes_Lx-4_U-40_enc-gray_d-8,12,1176,6,12728,6944,9577,6739
condensedmatter,BH_D-1_d-8-bh_graph-1D-grid-pbc-qubitnodes_Lx-10_U-30_enc-unary_d-8,80,3980,4,58860,23520,33833,22354
condensedmatter,BH_D-2_d-4-bh_graph-2D-grid-nonpbc-qubitnodes_Lx-7_Ly-7_U-70_enc-gray_d-4,98,2835,4,24437,10850,17081,10226
condensedmatter,BH_D-2_d-4-bh_graph-2D-triag-nonpbc-qubitnodes_Lx-3_Ly-5_U-30_enc-gray_d-4,28,938,4,8134,3612,5676,3410
condensedmatter,BH_D-2_d-4-bh_graph-2D-triag-nonpbc-qubitnodes_Lx-11_Ly-11_U-100_enc-gray_d-4,156,6570,4,57414,25500,39550,23850
condensedmatter,BH_D-2_d-4-bh_graph-2D-triag-pbc-qubitnodes_Lx-3_Ly-22_U-70_enc-unary_d-4,132,7194,4,106986,42768,58446,38201
condensedmatter,BH_D-2_d-4-bh_graph-2D-triag-pbc-qubitnodes_Lx-5_Ly-5_U-30_enc-unary_d-4,60,3270,4,48630,19440,26807,17524
condensedmatter,BH_D-2_d-4-bh_graph-2D-triag-pbc-qubitnodes_Lx-10_Ly-10_U-30_enc-stdbinary_d-4,100,4950,4,57850,24100,33869,21042
condensedmatter,BH_D-3_d-4-bh_graph-3D-grid-nonpbc-qubitnodes_Lx-2_Ly-2_Lz-2_U-20_enc-unary_d-4,32,880,4,12976,5184,7115,4648
condensedmatter,FH_D-1-fh-graph-1D-grid-nonpbc-qubitnodes_Lx-90_U-2_enc-jw,180,626,2,2942,892,915,366
condensedmatter,FH_D-1-fh-graph-1D-grid-pbc-qubitnodes_Lx-50_U-2_enc-jw,100,350,50,2034,884,1275,686
condensedmatter,FH_D-1-fh-graph-1D-grid-pbc-qubitnodes_Lx-160_U-12_enc-parity,320,1120,161,7164,4136,4620,3183
condensedmatter,FH_D-2-fh-graph-2D-grid-pbc-qubitnodes_Lx-2_Ly-105_U-8_enc-bk,420,1890,17,16270,8872,3010,2321
condensedmatter,FH_D-2-fh-graph-2D-grid-pbc-qubitnodes_Lx-5_Ly-72_U-0_enc-parity,720,2880,361,67452,33000,31654,26949
condensedmatter,FH_D-2-fh-graph-2D-triag-nonpbc-qubitnodes_Lx-16_Ly-16_U-4_enc-bk,306,2091,15,32119,18060,10376,8701
condensedmatter,heis-graph-2D-grid-nonpbc-qubitnodes_Lx-4_Ly-133_h-0.1,532,3313,2,16291,5562,3537,1632
condensedmatter,heis-graph-2D-grid-nonpbc-qubitnodes_Lx-5_Ly-58_h-2,290,1841,2,9079,3102,1626,750
condensedmatter,heis-graph-2D-grid-nonpbc-qubitnodes_Lx-5_Ly-186_h-0.5,930,5937,2,29303,10014,4954,2286
condensedmatter,heis-graph-2D-grid-pbc-qubitnodes_Lx-2_Ly-185_h-0.5,370,2035,2,9805,3330,4785,2208
condensedmatter,heis-graph-2D-grid-pbc-qubitnodes_Lx-4_Ly-190_h-0,760,4560,2,25840,9120,7423,3426
condensedmatter,heis-graph-2D-grid-pbc-qubitnodes_Lx-5_Ly-186_h-3,930,6510,2,32550,11160,7294,3366
condensedmatter,heis-graph-2D-triag-nonpbc-qubitnodes_Lx-40_Ly-40_h-0.1,861,8241,2,42681,14760,3329,1536
condensedmatter,tfim-graph-1D-grid-pbc-qubitnodes_Lx-16_h-2,16,32,2,64,32,43,28
condensedmatter,tfim-graph-1D-grid-pbc-qubitnodes_Lx-26_h-6,26,52,2,104,52,73,48
condensedmatter,tfim-graph-2D-grid-nonpbc-qubitnodes_Lx-5_Ly-15_h-3,75,205,2,465,260,118,78
condensedmatter,tfim-graph-2D-grid-nonpbc-qubitnodes_Lx-19_Ly-19_h-5,361,1045,2,2413,1368,268,178
condensedmatter,tfim-graph-2D-grid-pbc-qubitnodes_Lx-4_Ly-148_h-6,592,1776,2,4144,2368,1336,890
condensedmatter,tfim-graph-2D-triag-nonpbc-qubitnodes_Lx-3_Ly-160_h-0.1,324,1127,2,2733,1606,517,344
condensedmatter,tfim-graph-2D-triag-pbc-qubitnodes_Lx-13_Ly-13_h-0.1,91,364,2,910,546,223,148
condensedmatter,tfim-graph-2D-triag-pbc-qubitnodes_Lx-19_Ly-19_h-0.5,190,760,2,1900,1140,409,272
discreteoptimization,TSP_Ncity-4-tsp_rand-002_Ncity-4_enc-stdbinary,8,48,4,176,128,136,103
discreteoptimization,TSP_Ncity-5-tsp_prob-ts225_Ncity-5_enc-unary,25,125,2,325,200,71,44
discreteoptimization,TSP_Ncity-7-tsp_prob-lin105_Ncity-7_enc-unary,49,343,2,931,588,145,92
discreteoptimization,TSP_Ncity-8-tsp_prob-d198_Ncity-8_enc-unary,64,512,2,1408,896,191,122
discreteoptimization,TSP_Ncity-8-tsp_prob-ulysses22_Ncity-8_enc-stdbinary,24,448,6,2432,1984,2096,1733
discreteoptimization,TSP_Ncity-10-tsp_prob-pr76_Ncity-10_enc-unary,100,1000,2,2800,1800,301,194
discreteoptimization,TSP_Ncity-10-tsp_prob-st70_Ncity-10_enc-unary,100,1000,2,2800,1800,301,194
discreteoptimization,TSP_Ncity-16-tsp_prob-fl417_Ncity-16_enc-stdbinary,64,3840,8,27904,24064,25749,22272
discreteoptimization,TSP_Ncity-16-tsp_prob-kroD100_Ncity-16_enc-stdbinary,64,3840,8,27904,24064,25749,22272
discreteoptimization,binary-color02-dsjc1000.1_k-3-dsjc1000.1,72,675,4,2637,1962,1094,861
discreteoptimization,binary-graph-regular_k-5-reg-5_n-10_rinst-07,30,1295,6,7345,6050,5298,4461
discreteoptimization,gray-color02-1-fullins_5_k-5-1-fullins_5,144,5334,6,30090,24756,14974,12644
discreteoptimization,gray-color02-will199gpia_k-3-will199gpia,120,1512,4,6072,4560,2459,1950
discreteoptimization,unary-color02-ash608gpia_k-3-ash608gpia,480,1614,2,3882,2268,170,108
discreteoptimization,unary-color02-queen13_13_k-4-queen13_13,112,412,2,1012,600,92,58
